Commit made on Thu Jun 19 14:28:21 UTC 2025
Thu Jun 19 14:34:36 UTC 2025 - keep repo alive
Thu Jun 19 14:34:48 UTC 2025 - keep repo alive
Fri Jun 20 04:58:19 UTC 2025 - keep repo alive
Sat Jun 21 04:53:56 UTC 2025 - keep repo alive
Sun Jun 22 04:58:59 UTC 2025 - keep repo alive
Mon Jun 23 05:01:04 UTC 2025 - keep repo alive
Tue Jun 24 05:00:11 UTC 2025 - keep repo alive
Wed Jun 25 04:59:56 UTC 2025 - keep repo alive
Thu Jun 26 04:58:31 UTC 2025 - keep repo alive
Fri Jun 27 04:59:26 UTC 2025 - keep repo alive
Sat Jun 28 04:58:03 UTC 2025 - keep repo alive
Sun Jun 29 05:40:20 UTC 2025 - keep repo alive
Mon Jun 30 05:00:43 UTC 2025 - keep repo alive
Tue Jul  1 05:41:45 UTC 2025 - keep repo alive
Wed Jul  2 04:59:50 UTC 2025 - keep repo alive
Thu Jul  3 05:42:13 UTC 2025 - keep repo alive
Fri Jul  4 05:01:37 UTC 2025 - keep repo alive
Sat Jul  5 04:55:51 UTC 2025 - keep repo alive
Sun Jul  6 05:14:27 UTC 2025 - keep repo alive
Mon Jul  7 05:08:18 UTC 2025 - keep repo alive
Tue Jul  8 04:58:54 UTC 2025 - keep repo alive
Wed Jul  9 05:43:36 UTC 2025 - keep repo alive
Thu Jul 10 05:02:09 UTC 2025 - keep repo alive
Fri Jul 11 05:42:21 UTC 2025 - keep repo alive
Sat Jul 12 04:59:00 UTC 2025 - keep repo alive
Sun Jul 13 05:01:55 UTC 2025 - keep repo alive
Mon Jul 14 05:45:09 UTC 2025 - keep repo alive
Tue Jul 15 04:58:55 UTC 2025 - keep repo alive
Wed Jul 16 04:59:29 UTC 2025 - keep repo alive
Thu Jul 17 04:59:26 UTC 2025 - keep repo alive
Fri Jul 18 05:00:21 UTC 2025 - keep repo alive
Sat Jul 19 04:53:58 UTC 2025 - keep repo alive
Sun Jul 20 05:00:46 UTC 2025 - keep repo alive
Mon Jul 21 05:01:57 UTC 2025 - keep repo alive
Tue Jul 22 04:59:30 UTC 2025 - keep repo alive
Wed Jul 23 05:00:03 UTC 2025 - keep repo alive
Thu Jul 24 04:59:43 UTC 2025 - keep repo alive
Fri Jul 25 05:01:06 UTC 2025 - keep repo alive
Sat Jul 26 04:58:38 UTC 2025 - keep repo alive
Sun Jul 27 05:01:21 UTC 2025 - keep repo alive
Mon Jul 28 05:03:24 UTC 2025 - keep repo alive
Tue Jul 29 05:04:26 UTC 2025 - keep repo alive
Wed Jul 30 05:02:32 UTC 2025 - keep repo alive
Thu Jul 31 05:01:00 UTC 2025 - keep repo alive
Fri Aug  1 05:07:01 UTC 2025 - keep repo alive
Sat Aug  2 04:58:30 UTC 2025 - keep repo alive
Sun Aug  3 05:03:26 UTC 2025 - keep repo alive
Mon Aug  4 05:11:36 UTC 2025 - keep repo alive
Tue Aug  5 05:04:13 UTC 2025 - keep repo alive
Wed Aug  6 05:03:54 UTC 2025 - keep repo alive
Thu Aug  7 05:03:14 UTC 2025 - keep repo alive
Fri Aug  8 05:03:05 UTC 2025 - keep repo alive
Sat Aug  9 04:51:33 UTC 2025 - keep repo alive
Sun Aug 10 04:58:28 UTC 2025 - keep repo alive
Mon Aug 11 05:01:39 UTC 2025 - keep repo alive
Tue Aug 12 04:50:20 UTC 2025 - keep repo alive
Wed Aug 13 04:52:38 UTC 2025 - keep repo alive
Thu Aug 14 04:52:38 UTC 2025 - keep repo alive
Fri Aug 15 04:52:44 UTC 2025 - keep repo alive
Sat Aug 16 04:47:39 UTC 2025 - keep repo alive
Sun Aug 17 04:53:13 UTC 2025 - keep repo alive
Mon Aug 18 04:57:47 UTC 2025 - keep repo alive
Tue Aug 19 04:45:47 UTC 2025 - keep repo alive
Wed Aug 20 04:46:29 UTC 2025 - keep repo alive
Thu Aug 21 04:45:49 UTC 2025 - keep repo alive
Fri Aug 22 04:45:07 UTC 2025 - keep repo alive
Sat Aug 23 04:44:10 UTC 2025 - keep repo alive
Sun Aug 24 04:46:51 UTC 2025 - keep repo alive
Mon Aug 25 04:48:46 UTC 2025 - keep repo alive
Tue Aug 26 04:45:41 UTC 2025 - keep repo alive
Wed Aug 27 04:44:24 UTC 2025 - keep repo alive
Thu Aug 28 04:44:06 UTC 2025 - keep repo alive
Fri Aug 29 04:44:04 UTC 2025 - keep repo alive
Sat Aug 30 04:42:01 UTC 2025 - keep repo alive
Sun Aug 31 04:43:06 UTC 2025 - keep repo alive
Mon Sep  1 04:48:30 UTC 2025 - keep repo alive
Tue Sep  2 04:45:19 UTC 2025 - keep repo alive
Wed Sep  3 04:43:16 UTC 2025 - keep repo alive
Thu Sep  4 04:42:49 UTC 2025 - keep repo alive
Fri Sep  5 04:43:27 UTC 2025 - keep repo alive
Sat Sep  6 04:42:09 UTC 2025 - keep repo alive
Sun Sep  7 04:41:40 UTC 2025 - keep repo alive
Mon Sep  8 04:43:48 UTC 2025 - keep repo alive
Tue Sep  9 04:43:45 UTC 2025 - keep repo alive
Wed Sep 10 04:42:13 UTC 2025 - keep repo alive
Thu Sep 11 04:43:25 UTC 2025 - keep repo alive
Fri Sep 12 04:41:57 UTC 2025 - keep repo alive
Sat Sep 13 04:41:22 UTC 2025 - keep repo alive
Sun Sep 14 04:41:41 UTC 2025 - keep repo alive
Mon Sep 15 04:44:47 UTC 2025 - keep repo alive
Tue Sep 16 04:42:45 UTC 2025 - keep repo alive
Wed Sep 17 04:43:04 UTC 2025 - keep repo alive
Thu Sep 18 04:42:51 UTC 2025 - keep repo alive
Fri Sep 19 04:42:51 UTC 2025 - keep repo alive
Sat Sep 20 04:42:06 UTC 2025 - keep repo alive
Sun Sep 21 04:42:37 UTC 2025 - keep repo alive
Mon Sep 22 04:43:23 UTC 2025 - keep repo alive
Tue Sep 23 04:43:43 UTC 2025 - keep repo alive
Wed Sep 24 04:43:28 UTC 2025 - keep repo alive
Thu Sep 25 04:44:00 UTC 2025 - keep repo alive
Fri Sep 26 04:43:40 UTC 2025 - keep repo alive
Sat Sep 27 04:42:15 UTC 2025 - keep repo alive
Sun Sep 28 04:42:31 UTC 2025 - keep repo alive
Mon Sep 29 04:44:29 UTC 2025 - keep repo alive
Tue Sep 30 04:43:44 UTC 2025 - keep repo alive
Wed Oct  1 04:44:01 UTC 2025 - keep repo alive
Thu Oct  2 04:42:23 UTC 2025 - keep repo alive
Fri Oct  3 04:41:56 UTC 2025 - keep repo alive
Sat Oct  4 04:41:25 UTC 2025 - keep repo alive
Sun Oct  5 04:41:04 UTC 2025 - keep repo alive
Mon Oct  6 04:43:11 UTC 2025 - keep repo alive
Tue Oct  7 04:42:57 UTC 2025 - keep repo alive
Wed Oct  8 04:43:17 UTC 2025 - keep repo alive
Thu Oct  9 04:43:32 UTC 2025 - keep repo alive
Fri Oct 10 04:43:30 UTC 2025 - keep repo alive
Sat Oct 11 04:41:56 UTC 2025 - keep repo alive
Sun Oct 12 04:42:10 UTC 2025 - keep repo alive
Mon Oct 13 04:44:41 UTC 2025 - keep repo alive
Tue Oct 14 04:43:19 UTC 2025 - keep repo alive
Wed Oct 15 04:43:47 UTC 2025 - keep repo alive
Thu Oct 16 04:43:54 UTC 2025 - keep repo alive
Fri Oct 17 04:43:37 UTC 2025 - keep repo alive
Sat Oct 18 04:42:01 UTC 2025 - keep repo alive
Sun Oct 19 04:44:24 UTC 2025 - keep repo alive
Mon Oct 20 04:45:16 UTC 2025 - keep repo alive
Tue Oct 21 04:44:18 UTC 2025 - keep repo alive
Wed Oct 22 04:45:23 UTC 2025 - keep repo alive
Thu Oct 23 04:44:22 UTC 2025 - keep repo alive
Fri Oct 24 04:43:12 UTC 2025 - keep repo alive
Sat Oct 25 04:42:36 UTC 2025 - keep repo alive
Sun Oct 26 04:43:00 UTC 2025 - keep repo alive
Mon Oct 27 04:50:08 UTC 2025 - keep repo alive
Tue Oct 28 04:45:04 UTC 2025 - keep repo alive
Wed Oct 29 04:48:13 UTC 2025 - keep repo alive
Thu Oct 30 04:44:08 UTC 2025 - keep repo alive
Fri Oct 31 04:46:31 UTC 2025 - keep repo alive
Sat Nov  1 04:42:11 UTC 2025 - keep repo alive
Sun Nov  2 04:43:58 UTC 2025 - keep repo alive
Mon Nov  3 04:49:09 UTC 2025 - keep repo alive
Tue Nov  4 04:45:06 UTC 2025 - keep repo alive
Wed Nov  5 04:46:00 UTC 2025 - keep repo alive
Thu Nov  6 04:48:12 UTC 2025 - keep repo alive
Fri Nov  7 04:45:18 UTC 2025 - keep repo alive
Sat Nov  8 04:43:08 UTC 2025 - keep repo alive
Sun Nov  9 04:43:33 UTC 2025 - keep repo alive
Mon Nov 10 04:48:14 UTC 2025 - keep repo alive
Tue Nov 11 04:46:01 UTC 2025 - keep repo alive
Wed Nov 12 04:46:43 UTC 2025 - keep repo alive
Thu Nov 13 04:47:07 UTC 2025 - keep repo alive
Fri Nov 14 04:46:00 UTC 2025 - keep repo alive
Sat Nov 15 04:43:44 UTC 2025 - keep repo alive
Sun Nov 16 04:46:17 UTC 2025 - keep repo alive
Mon Nov 17 04:47:39 UTC 2025 - keep repo alive
Tue Nov 18 04:46:02 UTC 2025 - keep repo alive
Wed Nov 19 04:46:35 UTC 2025 - keep repo alive
Thu Nov 20 04:44:38 UTC 2025 - keep repo alive
Fri Nov 21 04:46:01 UTC 2025 - keep repo alive
Sat Nov 22 04:43:24 UTC 2025 - keep repo alive
Sun Nov 23 04:52:13 UTC 2025 - keep repo alive
Mon Nov 24 04:54:16 UTC 2025 - keep repo alive
Tue Nov 25 04:47:47 UTC 2025 - keep repo alive
Wed Nov 26 04:47:37 UTC 2025 - keep repo alive
Thu Nov 27 04:46:55 UTC 2025 - keep repo alive
Fri Nov 28 04:46:52 UTC 2025 - keep repo alive
Sat Nov 29 04:45:45 UTC 2025 - keep repo alive
Sun Nov 30 04:54:02 UTC 2025 - keep repo alive
Mon Dec  1 05:02:59 UTC 2025 - keep repo alive
Tue Dec  2 04:51:30 UTC 2025 - keep repo alive
Wed Dec  3 04:49:51 UTC 2025 - keep repo alive
Thu Dec  4 04:51:28 UTC 2025 - keep repo alive
Fri Dec  5 04:51:01 UTC 2025 - keep repo alive
Sat Dec  6 04:44:55 UTC 2025 - keep repo alive
Sun Dec  7 04:51:23 UTC 2025 - keep repo alive
Mon Dec  8 04:54:31 UTC 2025 - keep repo alive
Tue Dec  9 04:50:19 UTC 2025 - keep repo alive
Wed Dec 10 04:54:13 UTC 2025 - keep repo alive
Thu Dec 11 04:56:34 UTC 2025 - keep repo alive
Fri Dec 12 04:54:57 UTC 2025 - keep repo alive
Sat Dec 13 04:48:13 UTC 2025 - keep repo alive
Sun Dec 14 04:54:45 UTC 2025 - keep repo alive
Mon Dec 15 04:58:17 UTC 2025 - keep repo alive
Tue Dec 16 04:56:19 UTC 2025 - keep repo alive
Wed Dec 17 04:54:27 UTC 2025 - keep repo alive
Thu Dec 18 04:55:50 UTC 2025 - keep repo alive
Fri Dec 19 04:55:23 UTC 2025 - keep repo alive
Sat Dec 20 04:48:19 UTC 2025 - keep repo alive
Sun Dec 21 04:55:05 UTC 2025 - keep repo alive
Mon Dec 22 04:57:41 UTC 2025 - keep repo alive
Tue Dec 23 04:57:15 UTC 2025 - keep repo alive
Wed Dec 24 04:56:49 UTC 2025 - keep repo alive
